title;address;phone;timeИв-Авто;Варшавское ш., 94, Москва;7 (926) 400-73-00;"пн-пт 10:00–22:00; сб,вс 10:00–21:00"Арк Сервис;Азовская ул., 28Б, стр. 4;7 (495) 720-35-13;ежедневно, 10:00–21:00Автопилот;ул. Речников, 19, Москва;7 (495) 120-20-45;ежедневно, 08:00–21:00АльтАвто;2-я Леснорядская ул., 20;7 (495) 258-47-12, +7 (917) 587-99-21, +7 (917) 588-13-52, +7 (917) 588-14-83;"пн-сб 10:00–20:00; вс 11:00–20:00"Киа Ремонт Лидер;Можайское ш., 159 к 9, Москва, Россия, 121374;7 (495) 649-82-18;"вс 10:00-18:00; пн-сб 10:00-20:00"КСервис.ру;Дубининская ул., 70, Москва;7 (499) 325-30-69;ежедневно, 09:00–21:00Автопилот;Бесединское ш., 9;7 (495) 120-20-45;ежедневно, 08:00–21:00F-Performance;ул. Горбунова, 2, стр. 3, Москва;7 (495) 266-02-66;ежедневно, круглосуточноТомоко;Лужнецкая наб., 2/4с30;7 (499) 957-87-87;пн-пт 09:00–20:00A1 Моторс Drive;1-я Дубровская ул., 13А, стр. 4;7 (495) 120-15-38, +7 (925) 001-08-57;ежедневно, 09:00–21:00Расто;2-й Вязовский пр., 4А;7 (495) 778-44-45, +7 (925) 211-17-38, +7 (499) 372-00-60, +7 (916) 598-24-72, +7 (499) 350-02-46;ежедневно, круглосуточноФорд Транзит Сервис;Рязанский просп., 4, стр. 1, Москва;7 (905) 767-77-11, +7 (905) 769-77-11;пн-сб 09:00–21:00Дизель-форс;Волгоградский просп., 128, корп. 5, Москва;7 (499) 322-91-11, +7 (7172) 78-81-60;пн-пт 09:00–18:00Автопилот;1-й пр. Перова Поля, 3, стр. 14;7 (495) 120-20-45;ежедневно, 08:00–21:00Автосервис Лаборатория Мерседес;Дмитровское ш., 60Б, стр. 1, Москва;7 (499) 110-86-46, +7 (962) 984-87-82;пн-сб 10:00–20:00, перерыв 14:00–15:001avto-s;Дубнинская ул., 75, стр. 15;7 (926) 696-49-44, +7 (495) 999-09-52;ежедневно, 09:00–21:00Авторитет;Дубнинская ул., 83, Москва;7 (499) 755-52-45;
              Автодом Ауди Варшавка;Варшавское ш., 91А, Москва;7 (495) 445-30-67;ежедневно, 07:30–21:00РТП Авто;Ташкентская ул., 28, стр. 1;7 (495) 125-45-52, +7 (495) 488-82-23, +7 (495) 162-63-22;ежедневно, 09:00–21:00Uremont;Смирновская ул., 25, стр. 12, Москва;8 (800) 707-12-90;ежедневно, круглосуточноАвтопилот;Митинская ул., 15, Москва;7 (495) 120-20-45;ежедневно, 08:00–21:00РусКомАвто;ул. Подольских Курсантов, 32, Москва;7 (901) 468-44-30, +7 (968) 320-15-97, +7 (903) 242-13-42;пн-пт 09:00–18:00AJC-Motors;Новоостаповская ул., 6А, стр. 4, Москва;7 (495) 233-64-59;пн-пт 09:00–18:00КарданВалСервис;ул. Красная Сосна, 24;8 (800) 551-79-05, +7 (495) 767-58-20, +7 (499) 322-31-19;пн-сб 09:00–18:00Выездной Автоэлектрик;Домодедовская ул., 42А;7 (495) 507-11-23, +7 (906) 735-23-13, +7 (925) 416-30-73;ежедневно, 08:00–21:00Студия авто и мото детейлинга Foreground;5-я Кабельная ул., 2, стр. 2;7 (929) 530-28-58, +7 (499) 113-54-52;ежедневно, 10:00–20:00Автотехпомощь, эвакуация автомобилей;Рублёвское ш., 66, стр. 5, Москва;7 (999) 999-90-24;ежедневно, круглосуточноАвтоРеалСервис;ул. Москворечье, 14Б, Москва;7 (965) 240-99-79, +7 (916) 025-02-50;ежедневно, 10:00–21:00Сто-99;Профсоюзная ул., 78А, стр. 4, Москва;7 (495) 294-50-70, +7 (967) 152-90-40, +7 (926) 004-47-26;ежедневно, 10:00–21:00Лэндавто;ул. Перерва, 19, стр. 3;7 (495) 180-41-71, +7 (903) 589-50-58;ежедневно, 09:00–21:00Автотело;Полярная ул., 39, стр. 3, Москва;7 (495) 972-70-63;ежедневно, 09:00–21:00PIParts service;Стахановская ул., 24/32Ас1;7 (966) 000-41-40;пн-пт 11:00–21:00Разборка-Москва;Каширское ш., 45, стр. 3, Москва;7 (903) 733-62-05, +7 (963) 993-22-24;
              Remont-MKPP.ru;Ильменский пр., 9, стр. 2, Москва;7 (495) 979-10-47, +7 (909) 624-64-64;ежедневно, 09:00–21:00АвтоГАЗ - Официальный дилер ГАЗ;Полярная ул., 31В, стр. 1, Москва;7 (495) 287-00-50;"пн-сб 9:00–20:00; вс 9:00–18:00"Avtotehnik24.ru;Хорошёвское ш., 39Б;7 (495) 744-31-79, +7 (925) 450-01-04, +7 (929) 936-68-36;ежедневно, круглосуточноАмдЗап;ул. Красного Маяка, 16, Москва;7 (495) 700-88-88;ежедневно, 09:00–20:00BMW Мотор Эксперт;5-й Верхний Михайловский пр., 2, стр. 2, Москва;7 (495) 114-55-52, +7 (495) 740-59-07;ежедневно, 09:00–21:00Cpd-service;ул. Ивана Франко, 4, корп. 16, Москва, Россия;7 (926) 528-09-09;пн-сб 9:00–21:00G-Energy Service;ул. Обручева, 23, корп. 1, Москва;7 (495) 153-41-72, +7 (495) 729-52-95, +7 (985) 760-08-00;ежедневно, 09:00–21:00ТехцентрГАЗ Восток;Открытое ш., 20, Москва;7 (985) 443-49-81, +7 (495) 967-53-90;ежедневно, 09:00–20:00, перерыв 13:00–14:00КолесоСервис;Севастопольский просп., 54Е;7 (916) 168-68-68, +7 (926) 268-68-68;ежедневно, круглосуточноДиджитроник;Ильменский пр., 9, стр. 1;8 (800) 775-25-23, 8 (800) 200-05-48;"пн-чт 08:30–17:00; пт 08:30–16:30"Гараж на час самообслуживания Автомастерская ZapGar;ул. Маршала Прошлякова, 32, Москва, Россия;7 (925) 391-86-50;ежедневно, 10:00–23:00H2-auto;Полярная ул., 39, стр. 1, Москва;7 (495) 008-48-48;ежедневно, 09:00–21:00Авторуссервис;Огородный пр., 4, стр. 1, Москва;7 (939) 555-49-20, +7 (499) 403-14-07;ежедневно, 10:00–21:00Автопилот;Смирновская ул., 2, стр. 1;7 (495) 120-20-45;ежедневно, 08:00–21:00Автостудия 23;просп. Вернадского, 12Д, Москва;7 (961) 133-66-33;ежедневно, 09:00–18:00Сто495;просп. Вернадского, 6В, стр. 3, Москва;7 (499) 390-86-64, +7 (925) 196-78-58;ежедневно, 09:00–21:00Nil – автовинил;ул. Удальцова, 60;7 (495) 323-91-00;ежедневно, 10:00–21:00Рр-мастер;ул. Свободы, 35, стр. 17, Москва;7 (916) 595-40-40, +7 (916) 596-40-40;
              Фримонт;Старообрядческая ул., 28А, стр. 23;7 (495) 258-87-13;ежедневно, 09:00–21:00Кутузовв;Краснобогатырская ул., 89, стр. 1, Москва;7 (499) 302-00-57;ежедневно, 10:00-19:00Автоюнион-М;Электродная ул., 11, стр. 18;7 (499) 322-13-35, +7 (916) 107-82-23;пн-пт 09:00–18:00Автосервис8;ул. Бирюсинка, 1/18с29;7 (968) 486-16-27, +7 (906) 067-66-97;пн-пт 09:00–22:00АвтоЧекап;Ярославская ул., 8, корп. 4;7 (499) 340-51-03;пн-сб 09:00–20:00Автосервис, автотехцентр;Россия, Москва, Боровское шоссе, 6, корп. 4;7 (926) 837-05-37;ежедневно, 10:00–22:00АвтоЮвелиры;Каширское ш., 41, стр. 2;7 (905) 712-80-76, +7 (495) 799-20-34;ежедневно, 10:00–20:00Bestbavaria;3-й Нижнелихоборский пр., 1, стр. 2, Москва;7 (495) 226-13-47, +7 (985) 226-13-47, +7 (495) 773-55-29, +7 (985) 773-55-29;"пн-сб 10:00–20:00; вс 10:00–17:00"Мистер Глушитель;Остаповский пр., 9, стр. 2, Москва;7 (499) 370-30-12;ежедневно, 09:00–21:00Выкуп авто плюс;МКАД, 33-й километр, 6, стр. 5;7 (926) 799-64-44;ежедневно, 09:00–23:00Мобискар;ул. Вавилова, 13А;7 (495) 189-66-79;вт-сб 09:00–18:00ГрузиВезу;Денисьевский пр., 17, Дзержинский;7 (926) 816-90-13, +7 (495) 979-90-13;
              Шино-Бокс;5-я Магистральная ул., 6, стр. 1;7 (495) 414-34-66, +7 (495) 118-42-32, +7 (495) 433-07-14;ежедневно, 09:00–23:30Пилот-Авто-Маркет;Ташкентская ул., 28, стр. 1, Москва;7 (495) 785-06-65;ежедневно, 08:00–20:00Мазда-СТО;ул. Василия Петушкова, 3, корп. 3, стр. 1, Москва;7 (980) 697-68-46;"пн-пт 10:00–21:00; сб,вс 10:00–20:00"ПТЦ КомТранс Юг;Дорожная ул., 3, корп. 20;7 (499) 559-99-09, +7 (499) 559-99-10;ежедневно, 09:00-21:00Стартеры, генераторы;Щёлковское ш., 77;7 (968) 067-33-34;пн-пт 09:00–19:00Рекарс;Шоссейная ул., 100, стр. 1, Москва;7 (967) 137-45-41;"пн-пт 10:00–18:30; сб 10:30–16:00"Автоподбор МСК;Щёлковское ш., 100;7 (926) 894-03-94;пн-пт 09:00–21:30ТатКардан;Южнопортовая ул., 17, стр. 14, Москва;7 (977) 377-67-67;пн-сб 09:00–18:0077сто;Рябиновая ул., 28А, стр. 12, Москва;7 (901) 519-77-07;ежедневно, 08:00–20:00ПоломокНет автосервис;Потешная ул., 6/2с18, Москва;7 (495) 966-12-41, +7 (968) 674-40-25;"пн-пт 09:00–21:00; сб,вс 09:00–19:00"SportKB;Ленинский просп., 83Б, Москва;7 (495) 133-00-65, +7 (916) 551-33-36;пн-сб 10:00–20:00Автосервис33;Варшавское ш., 33;7 (495) 295-17-05, +7 (926) 512-68-22;пн-сб 10:00–21:00Автосервис Land Rover Style;Рябиновая ул., 34А, стр. 6, Москва;7 (925) 507-69-73, +7 (925) 507-71-08;ежедневно, 09:00–21:00Мос-олимп;Ташкентская ул., 28, стр. 1, Москва;7 (495) 514-38-22;ежедневно, 09:00–20:00Check-auto;ул. Поляны, 6, Москва;7 (926) 327-00-07, +7 (903) 968-47-31, +7 (495) 711-02-35;ежедневно, 09:00–21:00РМ-Моторс;Ферганская ул., 6, корп. 2, Москва;7 (499) 608-88-48, +7 (903) 539-82-17;пн-сб 10:00–21:00Pandora Престиж-Авто;Полковая ул., 14, корп. 1, Москва;7 (495) 984-87-08, +7 (495) 411-28-88;ежедневно, 09:00–21:00Випавтотон;1-я ул. Энтузиастов, 3, стр. 2, Москва;7 (925) 464-74-40, +7 (926) 263-00-25;ежедневно, 10:00–20:00Автосервис Dvs;Алтуфьевское ш., 27А;7 (966) 058-85-85, +7 (495) 925-94-74;ежедневно, 10:00–21:00Pragmatisch service;Дубнинская ул., 79, стр. 14, Москва;7 (495) 260-97-80;ежедневно, 09:00–21:00АКПП-Центр;1-я ул. Измайловского Зверинца, 8, Москва;7 (499) 113-38-36;ежедневно, 09:00–21:00Carlife сервис;ул. Мнёвники, 1, стр. 5, Москва;8 (800) 201-15-45, +7 (926) 219-15-45;ежедневно, 09:00–21:00Ремонт штатных автомагнитол;Пятницкое ш., 18, Москва;7 (926) 471-71-04;"пн-пт 11:00–21:00; сб,вс 12:00–21:00"Бисмарк-Авто;просп. Мира, 186А, стр. 20, Москва;7 (499) 394-51-05, +7 (926) 271-08-30;ежедневно, 11:00–21:00АвтоПлюс;Верейская ул., 29, стр. 2, Москва;7 (901) 519-68-90, +7 (926) 456-60-10, +7 (495) 979-68-90;ежедневно, 10:00–19:00Никрасофф;Куликовская ул., 12, Москва;7 (495) 778-46-57, +7 (919) 410-70-01, +7 (916) 588-29-57, +7 (985) 485-78-86;"пн-пт 10:00–21:00, перерыв 12:00–13:00; сб,вс 10:00–20:00, перерыв 12:00–13:00"Apex;Алтуфьевское ш., 28;8 800 555-79-68, +7 (925) 091-34-84;ежедневно, 09:00-21:00Авто Стайл;Рябиновая ул., 9, стр. 2;7 (915) 006-71-76;ежедневно, 10:00–22:00Токио Сервис;Лобненская ул., 17, стр. 2, Москва;7 (499) 455-18-21;ежедневно, 08:00–22:00Альфа-флит;3-й Нижнелихоборский пр., 1А, Москва;7 (495) 722-70-08, +7 (903) 292-01-38;ежедневно, 09:00–19:00Доктор Джип;ш. Энтузиастов, 2, стр. 38А, Москва;7 (495) 772-33-41;ежедневно, 10:00–18:00ЛР-Вест;Рябиновая ул., 28А, стр. 2, Москва;7 (495) 374-50-67, +7 (495) 773-64-34;ежедневно, 09:00–21:00Спецавтобаза № 1;3-й Угрешский пр., 6, стр. 1;7 (499) 702-00-94, +7 (495) 644-49-30, +7 (495) 644-49-35;ежедневно, 10:00–18:00ВВ-Сервис;ул. Зорге, 3А, стр. 2, Москва;7 (499) 195-43-56, +7 (499) 195-39-06, +7 (985) 991-31-09, +7 (495) 991-31-09;ежедневно, 10:00–21:00, перерыв 14:00–15:00Интер-авто;Молодогвардейская ул., 61, стр. 4, Москва;7 (495) 775-12-77, +7 (904) 567-41-08;ежедневно, 09:00–21:00Apex;ул. Народного Ополчения, 21, корп. 1;8 800 555-79-68, 8 800 775-89-89, +7 (999) 599-20-22, +7 (499) 444-03-69;ежедневно, 08:00-22:00Мосавторемонт;Графский пер., 14Б, Москва;7 (495) 768-71-11;ежедневно, 09:00–20:00Viktorymotor;2, корп. 206, Южный административный округ, район Чертаново Северное, микрорайон Северное Чертаново;7 (901) 147-90-38, +7 (966) 009-31-79;ежедневно, 09:00–21:00FPS;2-й Хорошёвский пр., 7, стр. 20, Москва;7 (965) 435-95-95;"сб-вс 11:00-19:00; пн-пт 10:00-21:00"КарданБаланс;Лихоборская наб., 13, стр. 5;8 (800) 555-50-37, +7 (495) 565-32-37;ежедневно, 09:00–19:00Авто Запад Моторс;ул. Мичуринский Проспект, Олимпийская Деревня, 4, корп. 32;7 (499) 340-05-25, +7 (916) 230-66-76, +7 (985) 420-86-58;"пн-пт 10:00–20:00; сб 10:00–16:00"Автофорсаж;Тураевская улица, 58, деревня Островцы, Раменский городской округ, Московская область, 140125;7 (915) 450-77-79, +7 (915) 297-70-04, +7 (977) 489-08-02;ежедневно, круглосуточноСуперфорд;Лианозовский пр., 8, стр. 2, Москва;7 (495) 504-36-49;пн-сб 10:00–19:00СТК Сити;1-й Дорожный пр., 5, Москва;7 (499) 286-29-99, +7 (967) 001-11-03;ежедневно, 10:00–20:00Техцентр Сабурово;ул. Борисовские Пруды, 1А, стр. 3, Москва;7 (495) 669-27-75, +7 (495) 544-29-81;ежедневно, 09:00–20:00CarVista.ru;ул. Земляной Вал, 9;7 (499) 110-45-98;ежедневно, 09:00–20:00B-tuning Motor;Иркутская ул., 2, корп. 7, Москва;7 (939) 555-69-38, +7 (499) 160-47-97, +7 (495) 462-40-32, +7 (495) 462-55-53, +7 (495) 462-04-42, +7 (495) 744-54-07;ежедневно, 09:00–21:00Автодом BMW Вернадского Официальный дилер;просп. Вернадского, 97, стр. 2, Москва;7 (495) 241-39-67, +7 (499) 505-88-07;ежедневно, 08:00–21:00Техцентр М1;Маломосковская ул., 22, стр. 2, Москва;7 (499) 325-42-54;"пн-пт 09:00–20:00; сб,вс 09:00–19:00"На колесах.ру;ул. Академика Королёва, 8, корп. 3, Москва;7 (499) 681-41-46;ежедневно, 09:00–21:00РеноДот;Советская ул., 80, стр. 9, Москва;7 (903) 668-34-34, +7 (495) 968-34-34, +7 (903) 968-34-34;ежедневно, 09:00–21:00Autoairbag;Ташкентская ул., 28, стр. 1;7 (964) 767-66-16, +7 (965) 361-37-39, +7 (965) 366-63-18;"пн-пт 09:00–19:00; сб 10:00–17:00"Бенсер;Новомосковская ул., 1Ж, Москва;7 (499) 490-57-52, +7 (925) 458-25-86;ежедневно, 10:00–21:00АвтоСпецЦентр центральный офис;Михайловский пр., 3, стр. 3, Москва;7 (495) 172-75-84;ежедневно, 09:00–21:00НаГазе.рф;ш. Энтузиастов, 25, стр. 4;7 (916) 690-51-71;пн-пт 09:00–18:00Auto guard;Куркинское ш., с4, Химки;7 (903) 777-93-11, +7 (909) 989-57-24, +7 (906) 777-21-37, +7 (903) 148-96-71;ежедневно, 09:00–21:00KraftStyle;Краснобогатырская ул., 2, стр. 15, Москва;7 (903) 720-99-31;пн-сб 09:00–19:00Автопилот;Старопетровский пр., 9А, Москва;7 (495) 120-20-45, +7 (495) 260-10-76;ежедневно, 08:00–21:00Автотехцентр;Севастопольский просп., 95Б, стр. 1;7 (495) 150-99-73;ежедневно, 08:00–22:00МастерСколов;Южнопортовая ул., 22, стр. 1, Москва;7 (901) 748-35-05, +7 (991) 714-95-35, +7 (977) 437-11-10;"пн-пт 10:00–20:00; сб,вс 10:00–18:00"Оскарс;ул. Ленинская Слобода, 19;7 (495) 320-32-07;ежедневно, 9:00–21:00Crystal City;Пресненская наб., 8, стр. 1, Москва;7 (495) 644-29-29;ежедневно, круглосуточноЕвропа-Авто;6-я Радиальная ул., 30, стр. 22, Москва;8 (800) 550-70-64;
              АнтАвто;Дубнинская ул., 83А, Москва;7 (901) 417-98-47, +7 (495) 233-14-99;"пн-пт 10:00–21:00; сб,вс 11:00–19:00"МастерТурбо;Автомоторная ул., 1/3;7 (495) 414-20-86, 8 (800) 707-06-42;"пн-пт 09:00–19:00; сб 10:00–14:00"Ион Моторс;Заваруевский пер., 32, стр. 4, Москва;7 (901) 382-10-50, +7 (495) 142-43-70;ежедневно, 09:00–21:00АТТ;Ленинградское ш., 81;7 (495) 786-41-41, +7 (495) 505-41-62, +7 (495) 775-91-52;пн-сб 10:00–19:00АвтоБезЗабот;ул. Академика Волгина, 1;7 (495) 649-60-47;
              Исузу-клуб;ул. Адмирала Лазарева, 34, Москва;7 (968) 913-04-81, +7 (905) 542-96-96;пн-сб 09:00–19:00BMWСервис;ул. Нижние Поля, 29, стр. 1, Москва;09:00–21:00;
              Марс Моторс;Ленинградское ш., вл7, Химки;7 (495) 780-00-05;ежедневно, 09:00–21:00Автопилот;Полярная ул., 39, стр. 1, Москва;7 (495) 477-33-68;ежедневно, 08:00–21:00Город Шина 24;Смольная ул., 12, Москва;7 (926) 404-47-11;ежедневно, круглосуточноТТС Моторс;Пятницкое ш., 2, Москва;7 (495) 120-80-12, +7 (965) 444-91-91;ежедневно, 10:00–21:00Автосервис СтарМоторз;Южнопортовая ул., 15, стр. 19, Москва;7 (495) 760-52-60, +7 (985) 760-52-60;ежедневно, 10:00–21:00Автосервис, автотехцентр;2-й Силикатный пр., 34, стр. 1, Москва;7 (495) 506-90-98, +7 (495) 961-08-48, +7 (967) 199-14-21;ежедневно, 09:00–21:00Ftmservice;Варшавское ш., 170Г, Москва;7 (499) 938-47-64, +7 (499) 391-12-55;ежедневно, 09:00–21:00ДЖоуль;Кавказский б-р, 59 строение 4, Москва, Россия, 115516;7 (926) 382-61-79;ежедневно, 09:00-21:00Лиан Моторс;Абрамцевская ул., 30, стр. 3, Москва;7 (495) 228-11-11, +7 (963) 965-77-77;ежедневно, 08:00–23:00SsangYong Garage;Воробьёвское ш., 2, Москва, Россия, 119136;7 (499) 707-20-77, +7 (903) 610-66-75;вт-сб 10:00-19:00Экстрим-Сервис;Рублёвское ш., 68А;7 (499) 350-87-18, +7 (499) 350-47-90, +7 (499) 350-83-68, +7 (499) 350-44-16;ежедневно, 09:00–21:00СервисПарк Jaguar Land Rover;Авиационная ул., 24, стр. 1, Москва;7 (495) 120-05-46;ежедневно, 09:00–21:00Body Service;Люблинская ул., 56/2с1, Москва;7 (499) 390-57-62, +7 (916) 727-90-48;ежедневно, 10:00–20:00Авто;Поморская ул., 3;7 (499) 370-46-97;ежедневно, 08:00–20:00Рида Моторс;Молодогвардейская ул., 57, стр. 2, Москва;7 (495) 108-64-77, +7 (495) 106-05-46;ежедневно, 09:00–20:00Страхование центр обслуживания клиентов по страхованию;Никитинская ул., 12Б, Москва;7 (925) 036-01-01, +7 (929) 293-05-13, +7 (906) 780-66-33;пн-пт 09:00–18:00Складская техника М;ул. Энергетиков, 10Г, Дзержинский;8 (800) 100-71-48, +7 (495) 778-48-22, +7 (495) 943-53-22, +7 (495) 783-84-05;пн-пт 09:00–18:00NNService;Полярная ул., 31В, стр. 11, Москва;7 (495) 220-35-18;пн-сб 10:00–20:00Автоэлектрик;Варшавское ш., 33;7 (910) 083-55-76;пн-сб 09:00–19:00Км сервис;ул. Плеханова, 10;7 (926) 854-01-84;пн-сб 10:00–20:00Кузовной Профи;Чагинская ул., 6А, стр. 2, Москва;7 (499) 130-38-49, +7 (906) 039-91-21;ежедневно, 10:00–21:00Автосервис cMc;ул. Войкова, 4, стр. 1, Москва;7 (926) 777-33-57;"пн-пт 12:00–22:30; сб 12:00–16:00"ШИНСЕРВИС;ул. Садовники, 11А, Москва;7 (495) 152-73-42, +7 (495) 988-83-88;"пн-пт 09:00–21:00; сб,вс 09:00–20:00"Техцентр Планета Железяка;МКАД, 86-й километр, вл13с2, Москва;7 (495) 955-79-88;ежедневно, 09:00–21:00Р-Сервис77;ул. Генерала Дорохова, 10Д, стр. 1, Москва;7 (495) 784-92-72;ежедневно, 10:00–21:00АвтоСтолица;Огородный пр., 5, стр. 9, Москва;7 (499) 397-77-20;ежедневно, 09:00–20:00ФрансАвто;2-я Бауманская ул., 7, стр. 5, Москва;7 (903) 231-63-43, +7 (499) 267-00-23;"пн-пт 09:30–19:30; сб 09:30–16:00"Шиномонтаж;Уржумская ул., 4, Москва;7 (916) 127-03-25;ежедневно, круглосуточноПокрасочный центр никс;просп. Андропова, 10А, Москва;7 (495) 663-91-25;ежедневно, круглосуточноAutovix;Рябиновая ул., 53, Москва;7 (916) 620-17-79, +7 (963) 616-69-79, +7 (926) 208-99-77;"пн-пт 10:00–19:00; сб,вс 11:00–17:00"Pandora Alarm;ул. Коцюбинского, 4, Москва;7 (495) 970-65-70, +7 (495) 975-98-25;ежедневно, 09:00–21:00Auto-rad;Новохохловская ул., 11, стр. 2, Москва;7 (495) 118-39-10;ежедневно, 09:00–21:00Автоматик;Ленинградский просп., 4/2с2, Москва;7 (915) 150-88-41, +7 (495) 374-88-19, +7 (499) 110-84-09;
              Автокомплекс ИП Потапов С. В.;Поклонная ул., 11, стр. 1А, Москва;7 (985) 930-22-01, +7 (968) 749-35-53;ежедневно, 09:30–19:00Автотехком Сервис;2-й Грайвороновский пр., 32А, стр. 1;7 (985) 765-23-77, +7 (925) 517-60-88;пн-пт 09:00–18:00Автосервис Статус Авто;ул. Саломеи Нерис, 4, корп. 3, Москва;7 (495) 476-63-72, +7 (495) 948-01-00, +7 (495) 949-03-23, +7 (965) 449-33-99;ежедневно, 09:00–21:00Магавто;Каширское ш., 5, корп. 1;7 (915) 000-10-07;ежедневно, 10:00–20:00Автоэлектрик;ул. Габдуллина, 90, Алматы, Казахстан;7 (707) 305-26-27;ежедневно, 9:00–20:00Автотехцентр БСК;Ореховый пр., 26, стр. 1, Москва;7 (933) 111-25-25, +7 (916) 300-02-13;ежедневно, 10:00–21:00Автокей;Варшавское ш., 170Г, Москва;7 (965) 436-69-09;ежедневно, 10:00–22:00АвтоТехЦентр;Молодогвардейская ул., 61, стр. 20;7 (905) 505-59-02, +7 (495) 745-03-63;пн-пт 09:00–18:00На колесах.ру;просп. Вернадского, 12Д, Москва;7 (499) 681-41-46;ежедневно, 09:00–21:00АБС Маркет;Ясеневая ул., вл14с6, Москва;7 (495) 221-22-92, +7 (495) 399-44-00;ежедневно, 09:00–20:00MobileShina24 - мобильный шиномонтаж;ул. Вавилова, 59, Москва;7 (499) 938-74-97;ежедневно, круглосуточноАвтосервис Гарант+;Партийный пер., 1, стр. 21, Москва;7 (495) 728-83-34;ежедневно, 09:00–21:00Вилгуд;4-й Рощинский пр., 20, стр. 11;7 (495) 023-94-10;ежедневно, 09:00–21:00Эра ремонт глушителей;Авиамоторная ул., 67/8с8, Москва;7 (925) 664-57-76;ежедневно, 09:00–21:00Лорд;ул. Бутаково, 4, Химки;7 (495) 780-36-21, +7 (925) 125-20-00;ежедневно, 10:00–21:00Мастерская SAAB;Варшавское ш., 25А, стр. 15, Москва;7 (495) 921-52-12, +7 (985) 921-52-12, +7 (916) 552-93-30;пн-сб 10:00–20:00Автосервис;3-й Угрешский пр., 8А, стр. 2, Москва;7 (495) 969-18-34, +7 (925) 697-79-59;ежедневно, 10:00–18:00Hino-Service;Озёрная ул., 46, корп. 2, стр. 3;7 (495) 657-90-37;пн-пт 09:00–18:00Техцентр Autopsa;Южнопортовая ул., 15, стр. 4А, Москва;7 (495) 220-44-32, +7 (915) 496-55-55;ежедневно, 10:00–20:00АвтоМакс;Сказочная ул., 7, д. Нижнее Мячково;7 (495) 649-50-75, +7 (495) 797-00-40, +7 (926) 504-01-44;ежедневно, 09:00–19:00Автосервис Мав Форд;Россия, Москва, улица Литвина-Седого;08:00–17:00, перерыв 13:00–14:00;
              Vernum Auto;Лианозовский пр., 14, стр. 1, Москва;7 (499) 648-95-62;ежедневно, 09:00–21:00Студия Гудлак-Детейлинг;Волжский бул., 1, корп. 1;7 (968) 468-25-65;ежедневно, 09:00–22:00Авто Дива;Днепропетровский пр., 5;7 (977) 980-36-50;"пн-пт 10:00–21:00; сб 10:00–17:00"Техцентр Afterdealer;1-я ул. Измайловского Зверинца, 8, Москва;7 (495) 772-15-95;ежедневно, 10:00–20:00Vernum Auto;Енисейская ул., 36, стр. 9, Москва;7 (499) 649-85-06;ежедневно, 09:00–21:00Фирс;Волоколамское ш., 65А, стр. 3, Москва;7 (495) 106-20-16, +7 (906) 182-82-88;ежедневно, 10:00–20:00Форд-Вао;Открытое ш., 20, стр. 8, Москва;7 (926) 095-89-89, +7 (495) 741-89-58;ежедневно, 10:00–21:00Ремонт стартеров и генераторов;ул. Нижние Поля, 29, стр. 1, Москва;7 (925) 555-01-10, +7 (977) 303-99-11;пн-пт 10:00–18:00Бюро Оклейки;Варшавское ш., 132А, корп. 1;7 (499) 113-39-32;ежедневно, 09:00–22:00Бипарт24;Молодогвардейская ул., 65, стр. 5;7 (916) 902-75-55;ежедневно, 09:00–20:00АВ-Комплекс;Ленинградское ш., 236, стр. 16;7 (967) 018-97-97;ежедневно, круглосуточноГУР-сервис Москва;2-й Лихачёвский пер., 10, стр. 1;7 (495) 150-53-72;ежедневно, 08:00–19:00OMODA Каширский;МКАД, 26-й километр, 5, стр. 1, Москва;7 (495) 463-25-41;ежедневно, 09:00–21:00Глурит;Остаповский пр., 9, стр. 2, Москва;7 (495) 006-84-35;ежедневно, 09:00–21:00Мас Моторс;Варшавское ш., 132А, корп. 1, Москва;8 (800) 505-37-58, +7 (495) 120-01-32;ежедневно, 09:00–21:00Авто-Да;Ферганская ул., 2, Москва;7 (925) 585-78-35, +7 (916) 351-30-67;"пн-пт 10:00–19:00; сб 10:00–14:00"Лондон-Авто Север;Дмитровское ш., 9, стр. 4, Москва;7 (985) 454-50-07, +7 (915) 156-37-37;ежедневно, 10:00–21:00ДИС Моторс;П. Воскресенское, 69с2, Москва, Россия, 142791;7 (966) 335-33-38;сб 11:00-20:00Лондон-Авто Юг;Автозаводская ул., 20, стр. 8;8 (800) 707-33-57, +7 (968) 803-70-37, +7 (968) 373-70-37;ежедневно, 10:00–21:00Локальная покраска;Новолужнецкий пр., 15, Москва;7 (495) 637-00-28, +7 (916) 128-44-46;ежедневно, 09:00–20:00GB-центр;Волгоградский просп., 32, стр. 21, Москва;7 (495) 778-81-17, +7 (906) 060-60-50;ежедневно, 10:00–20:00АвтоПРИЗ;Мартеновская ул., 22, стр. 3, Москва;7 (495) 303-44-60, +7 (495) 649-67-49, +7 (916) 685-99-17;"пн-сб 09:00–21:00; вс 10:00–19:00"Вектор;Берёзовая аллея, 7Б, Москва;7 (916) 381-61-12, +7 (929) 940-59-04;пн-пт 09:00–18:00Восстановление грузовых шин;с1, территория Квартал А, д. Бутурлино;7 (901) 598-75-01;
              АйДжиПи-Сервис;ул. Ермакова Роща, 7А, стр. 1, Москва;3 отзыва
                  ;
              Ац ФейрАвто;просп. Мира, 163, Москва;8 (800) 350-27-37, +7 (495) 665-01-55;ежедневно, 07:30–21:00Карсити Маркет;ул. Генерала Белобородова, 38, Москва;7 (915) 360-60-60, +7 (915) 361-61-61, 8 (800) 511-73-31;"пн-сб 10:00–20:00; вс 10:00–19:00"МБС Фрейт Сервисиз;ул. Мельникова, 3, стр. 20;7 (495) 134-25-91, +7 (495) 134-81-31;ежедневно, 09:00–21:00Энкомпоставка;Перовское ш., 21, стр. 6;7 (495) 023-79-42;пн-пт 09:00–18:00, перерыв 13:00–14:00Заботливый сервис;Федоскинская ул., 12 с1, Москва, Россия, 129337;7 (495) 567-11-84;ежедневно, 09:00-21:00Ровер Ленд;Молодогвардейская ул., 54, стр. 7, Москва;7 (495) 668-06-58;ежедневно, 09:00–21:00Лондон-Авто Ярославка;ул. Вешних Вод, 4, стр. 140, Москва;8 (800) 707-33-57, +7 (495) 580-83-43;ежедневно, 10:00–21:00Мм-Авто;Промышленная ул., 10, Москва;7 (495) 796-02-31, +7 (964) 719-54-57, +7 (905) 531-21-00;ежедневно, 09:00–21:00Гидроремонт;Каширское ш., 43, корп. 2;7 (925) 974-74-76, +7 (495) 508-59-57;"пн-пт 10:00–20:00; сб 11:00–18:00"Lr Ремонт Британец;ул. Римского-Корсакова, 15А, корп. 1, Москва;7 (977) 828-90-98;
              СпецКорАКПП;1-й Силикатный пр., 25, стр. 5, Москва;7 (963) 972-31-46, +7 (977) 959-48-10;пн-пт 09:00–19:00АудиТория;Монтажная ул., 4Б, стр. 5, Москва;7 (499) 391-00-95;
              СТО Стоун;Нагатинская ул., 1, стр. 28, Москва;7 (916) 105-15-21;вт-сб 10:00–19:00Группа РЛД;Бережковская наб., 20, стр. 14, Москва;7 (495) 972-21-05;"пн-сб 09:00–23:00; вс 10:00–20:00"БорисХоф официальный дилер Land Rover;2-я Магистральная ул., 18, стр. 3, Москва;7 (495) 266-44-45;ежедневно, 09:00–21:00Яуза Моторс;Михайловский пр., 1, стр. 3, Москва;7 (499) 283-04-85;ежедневно, 09:00–21:00Ваг-Сервис;Волгоградский просп., 32, корп. 8, Москва, Россия;7 (499) 670-41-42, +7 (926) 869-35-96, +7 (499) 670-42-41, +7 (926) 312-69-25;ежедневно, 10:00–21:00Автосервис ВДВ;2-й Силикатный пр., 9, стр. 3, Москва, Россия;7 (495) 730-53-54, +7 (495) 737-69-61, +7 (965) 271-96-21;ежедневно, 09:00–20:00Эксин Стартеры Генераторы;МКАД, 32-й километр, вл15;7 (925) 836-33-50, +7 (964) 572-70-57;"пн-пт 10:00–19:00; сб,вс 10:00–18:00"АвтоГЕРМЕС Suzuki;ш. Энтузиастов, 59, Москва;7 (495) 136-05-50;ежедневно, 07:00–21:00Автоцентр Nissan на Таганке;Марксистская ул., 34, корп. 7, Москва;7 (495) 989-70-70;ежедневно, 08:00–21:00Автотрейд;Кетчерская ул., 13;8 (800) 555-54-15, +7 (495) 162-90-71;ежедневно, 09:00–19:00БруклинАвто;Свободный просп., 1Б;7 (495) 663-15-53, +7 (495) 155-15-53;"пн-пт 09:00–21:00; сб 10:00–18:00; вс 10:00–17:00"ШИНСЕРВИС;ш. Энтузиастов, 56, стр. 44, Москва;7 (495) 152-73-42, +7 (495) 988-83-88;"пн-пт 09:00–21:00; сб,вс 09:00–20:00"Бош Авто Сервис Фил-сити-сервис;Береговой пр., 4/6с4, Москва;7 (495) 646-22-99, +7 (495) 646-23-45;ежедневно, 09:00–21:00Аида;4-я Кабельная ул., 2, корп. 2, Москва;7 (499) 938-76-93, +7 (495) 361-31-58, +7 (495) 361-32-92;"пн-сб 09:00–20:00; вс 10:00–20:00"REMZO;Загородное ш., 1, корп. 2;7 (495) 236-77-03, +7 (495) 776-14-09, +7 (916) 565-94-79;ежедневно, 10:00–19:00Авто ноу-хау;Москва, Северо-Восточный административный округ, район Марьина Роща;7 (495) 740-59-89;пн-сб 10:00–22:00ВТС Сервис;Суздальская ул., 9, Москва;7 (495) 108-22-91, +7 (495) 703-24-52;ежедневно, 09:00–21:00Плеяда;2-я Кабельная ул., 2, стр. 30;7 (495) 638-52-25, +7 (495) 638-55-44;ежедневно, 09:00–21:00БомбаКар;3-й Красносельский пер., 9А, Москва;7 (499) 264-04-60;"пн-пт 10:00–20:00; сб 10:00–16:00"Мейн Моторс;1-й Институтский пр., 3, стр. 8, Москва;7 (495) 585-99-11, +7 (499) 174-84-84, +7 (925) 585-99-11, +7 (967) 008-98-98;ежедневно, 10:00–20:00Евро-Глобус;Кусковская ул., 20А, корп. Г, Москва;7 (495) 240-57-56, +7 (903) 505-55-08;ежедневно, 09:00–21:00ТурбоОСТ;Гаражная ул., 4;7 (925) 518-26-54, +7 (905) 730-75-88, +7 (495) 740-37-89;"пн-пт 08:00–19:00; сб 09:00–16:00"Эксис;Кусковская ул., 20А, Москва;7 (495) 644-00-00, +7 (495) 644-00-00;ежедневно, 09:00–20:30Армада;Лесная ул., 61, стр. 4;7 (985) 773-07-97, +7 (962) 933-70-88;ежедневно, 10:00–19:00ИнфинитиНиссан;Гаражная ул., 4;7 (495) 902-73-40;ежедневно, 08:30–21:00Риф-Авто;Осенняя ул., 17, корп. 2, Москва;7 (495) 415-46-86, +7 (916) 688-29-47;ежедневно, 10:00–20:00